{"initial_reset_timestamp": 1590339028.6761997, "timestamps": [1590339320.4778898, 1590339618.9339604, 1590339893.9586911, 1590340166.5722837, 1590340440.8809733, 1590340715.31367, 1590340989.8333714, 1590341264.9711087, 1590341565.1982803, 1590341839.6179764, 1590342114.856719, 1590342389.903451, 1590342665.062189, 1590342940.216927, 1590343215.0356457, 1590343489.9903724, 1590343764.79309, 1590344039.8258212, 1590344314.9135551, 1590344590.0552924, 1590344865.1240253, 1590345127.594038, 1590345402.7987785, 1590345677.9675174, 1590345953.0722525, 1590346228.2209902, 1590346503.4077299, 1590346803.2838817, 1590347078.5386255, 1590347353.6913633, 1590347628.7410955, 1590347903.631818, 1590348178.769555, 1590348453.9362936, 1590348729.077031, 1590348910.1893897, 1590349185.2931252, 1590349460.3468573, 1590349735.3795881, 1590350010.5053244, 1590350285.4920528, 1590350560.477781, 1590350835.631519, 1590351110.7312539, 1590351385.821988, 1590351660.8257172, 1590351935.9584541, 1590352210.9501827, 1590352485.9869137, 1590352761.1076498, 1590353036.4283974, 1590353311.565134, 1590353586.4848585, 1590353861.2385738, 1590354136.3753107, 1590354411.4790456, 1590354686.3327665, 1590354961.269492, 1590355236.3062232, 1590355511.3759563, 1590355786.6817029, 1590356061.7514358, 1590356336.822169, 1590356611.7908964, 1590356911.9800663, 1590357187.0507994, 1590357461.570501, 1590357736.5412283, 1590358011.6119616, 1590358286.8157022, 1590358561.8854353, 1590358837.0061715, 1590359112.154909, 1590359387.3466492, 1590359662.5003867, 1590359937.621123, 1590360212.5738494, 1590360487.6935854, 1590360762.881325, 1590361037.9850602, 1590361312.9707887, 1590361588.0085196, 1590361863.1462567, 1590362138.3489974, 1590362413.4527323, 1590362688.456462, 1590362963.459191, 1590363238.496922, 1590363513.5506544, 1590363788.6203876, 1590364063.7581246, 1590364261.6674442, 1590364536.7091758, 1590364811.746907, 1590365085.5485675, 1590365361.4373477, 1590365637.091114, 1590365912.106844, 1590366187.176577, 1590366462.230309, 1590366737.5890589, 1590367012.7927995, 1590367287.9795394, 1590367563.165279, 1590367838.3360178, 1590368113.5077567, 1590368388.6774957, 1590368664.031245, 1590368939.1349802, 1590369214.203713, 1590369489.391453, 1590369764.52819, 1590370039.598923, 1590370314.803664, 1590370589.9594018, 1590370864.5841095, 1590371138.9308012, 1590371413.524507, 1590371688.0182073, 1590371962.7119188, 1590372237.2726228, 1590372511.6663172, 1590372786.21002, 1590373060.821727, 1590373335.381431, 1590373476.6705124, 1590373750.9792018, 1590374025.508904, 1590374300.001604, 1590374574.4453015, 1590374849.1570141, 1590375123.75072, 1590375397.7613924, 1590375672.2380915, 1590375946.5167794, 1590376220.8644712, 1590376495.4881787, 1590376769.9818788, 1590377044.4415772, 1590377318.8852744, 1590377593.4309776, 1590377867.8736749, 1590378142.4693806, 1590378417.140091, 1590378691.5227847, 1590378966.1784942, 1590379240.7591991, 1590379515.3189032, 1590379789.8296044, 1590380064.4863138, 1590380339.1500237, 1590380613.522717, 1590380888.0544193, 1590381162.964143, 1590381437.8588662, 1590381712.6135814, 1590381987.1952865, 1590382261.7889922, 1590382536.3166945, 1590382811.5104346, 1590383086.8521833, 1590383362.2929375, 1590383637.719691, 1590383912.6234145, 1590384187.38713, 1590384464.0279531, 1590384738.7536666, 1590385013.080357, 1590385287.5920584, 1590385562.1187603, 1590385836.6084602, 1590386111.006155, 1590386385.3458462, 1590386659.9275515, 1590386934.4052508, 1590387208.9659548, 1590387483.4936566, 1590387758.0543606, 1590388032.6300654, 1590388307.1067648, 1590388581.6524677, 1590388856.112166, 1590389130.6068661, 1590389405.1165674, 1590389679.6442692, 1590389954.7180028, 1590390229.8047369, 1590390504.9584744, 1590390780.0402083, 1590391055.2659504, 1590391330.3016818, 1590391605.4054167, 1590391880.5271525, 1590392155.5958858, 1590392430.7336228, 1590392705.787355, 1590392980.942093, 1590393256.1628344, 1590393531.2155666, 1590393806.4373083, 1590394081.5050414, 1590394356.742784, 1590394631.829518, 1590394906.950254, 1590395182.103992, 1590395457.0897202, 1590395732.3114622, 1590396007.4652002, 1590396282.6679406, 1590396557.7206728, 1590396832.792406, 1590397108.0451498, 1590397383.1988873, 1590397658.4536312, 1590397933.657372, 1590398208.693103, 1590398509.0822842, 1590398784.235022, 1590399059.38976, 1590399334.626503, 1590399609.7972417, 1590399885.050985, 1590400160.1877222, 1590400443.9939551, 1590400731.9464247, 1590401013.3665211, 1590401301.072977, 1590401578.5248463, 1590401853.758589, 1590402129.0163329, 1590402404.2190733, 1590402679.3048074, 1590402954.5605512, 1590403229.9303014, 1590403505.7520776, 1590403781.33784, 1590404056.6525872, 1590404331.9033308, 1590404607.2660806, 1590404882.2978115, 1590405157.2625384, 1590405432.428277, 1590405707.4250062, 1590405982.389733, 1590406257.405463, 1590406532.5702016, 1590406807.718939, 1590407083.0156853, 1590407358.2144256], "episode_lengths": [1500, 1500, 1500, 1500, 1500, 1500, 1500, 1500, 1500, 1500, 1500, 1500, 1500, 1500, 1500, 1500, 1500, 1500, 1500, 1500, 1500, 1431, 1500, 1500, 1500, 1500, 1500, 1500, 1500, 1500, 1500, 1500, 1500, 1500, 1500, 988, 1500, 1500, 1500, 1500, 1500, 1500, 1500, 1500, 1500, 1500, 1500, 1500, 1500, 1500, 1500, 1500, 1500, 1500, 1500, 1500, 1500, 1500, 1500, 1500, 1500, 1500, 1500, 1500, 1500, 1500, 1500, 1500, 1500, 1500, 1500, 1500, 1500, 1500, 1500, 1500, 1500, 1500, 1500, 1500, 1500, 1500, 1500, 1500, 1500, 1500, 1500, 1500, 1500, 1500, 1500, 1079, 1500, 1500, 1500, 1500, 1500, 1500, 1500, 1500, 1500, 1500, 1500, 1500, 1500, 1500, 1500, 1500, 1500, 1500, 1500, 1500, 1500, 1500, 1500, 1500, 1500, 1500, 1500, 1500, 1500, 1500, 1500, 1500, 1500, 706, 1500, 1500, 1500, 1500, 1500, 1500, 1500, 1500, 1500, 1500, 1500, 1500, 1500, 1500, 1500, 1500, 1500, 1500, 1500, 1500, 1500, 1500, 1500, 1500, 1500, 1500, 1500, 1500, 1500, 1500, 1500, 1500, 1500, 1500, 1500, 1500, 1500, 1500, 1500, 1500, 1500, 1500, 1500, 1500, 1500, 1500, 1500, 1500, 1500, 1500, 1500, 1500, 1500, 1500, 1500, 1500, 1500, 1500, 1500, 1500, 1500, 1500, 1500, 1500, 1500, 1500, 1500, 1500, 1500, 1500, 1500, 1500, 1500, 1500, 1500, 1500, 1500, 1500, 1500, 1500, 1500, 1500, 1500, 1500, 1500, 1500, 1500, 1500, 1500, 1500, 1500, 1500, 1500, 1500, 1500, 1500, 1500, 1500, 1500, 1500, 1500, 1500, 1500, 1500, 1500, 1500, 1500, 1500, 1500, 1500, 1500, 1500, 1500, 1500, 1500, 1500, 1500, 1500, 1500, 1500, 1500, 1500, 1500],